2,WASH,MORNING,SAT,THOUGHT
3,DAUGHTER,DUCK,NEWS,REAL
4,FLOWER,ONCE,PHYSICAL,PRODUCTION
5,NUTS,RAIN,HIGHER,EVERYONE
6,BODY,CLOSE,SIMPLE,FORT
7,RHYME,MAIL,FORCE,ENTIRE
8,PLURAL,POSSIBLE,NECK,STEAM
9,EXPLAIN,RIVER,PURPLE,THIRD
10,READY,SOMEBODY,SHOT,COAT
11,BLOW,JOINED,ACCOUNT,DRESS
12,AUDIENCE,PLATE,FLOW,TOWN
13,BEAT,INDEPENDENT,DISTANCE,IS
14,HAPPEN,CRACK,PLANT,WALL
15,FEED,USUALLY,TROUBLE,PARK
16,SURPRISE,DIFFICULTY,FROM,HARBOR
17,FLOW,ASLEEP,SHIP,VICTORY
18,SMILE,HANDLE,NEARBY,READER
19,AUTHOR,NOBODY,MEAN,LEAVE
20,PIE,WAY,CHARACTER,SIZE
21,TONIGHT,WIND,CAKE,WIDE
22,POOR,WILLING,POST,MEMORY
23,IS,GUARD,WIFE,HELD
24,EXERCISE,YOU,NEARER,CENTRAL
25,BRIDGE,PERSON,SHORE,DISCUSSION
26,AFRAID,GROWN,SIMPLEST,HONOR
27,JOB,LIQUID,INVOLVED,BURN
28,WHETHER,CARD,JUMP,CUTTING
29,PRINCIPLE,BLEW,POEM,HARD
30,LAUGH,PLASTIC,TRUCK,COMBINE
31,MONKEY,THEREFORE,RESULT,PROPERLY
32,PICTURE,THAN,WAVE,FAIR
33,BEND,VOTE,MEAT,MICE
34,NUMERAL,RIDE,POND,SLIDE
35,FOREST,BEE,CHICKEN,PUBLIC
36,HOT,END,RAW,NOSE
37,FINALLY,COMMAND,FLOW,WEAK
38,ILL,ALTHOUGH,RIDING,DAUGHTER
39,TIN,HONOR,COURSE,RAW
40,MOUNTAIN,DANCE,SPITE,HEART
41,CHART,NATION,BIGGER,SPEECH
42,HEADED,COLOR,DREW,PERFECT
43,SCREEN,LIBRARY,BECOMING,PAID
44,ABLE,LEAVE,SHIRT,SIZE
45,SAIL,BITE,DISCOVERY,PRESSURE
46,PLANNED,CORNER,STATION,LARGEST
47,INSTANCE,TRACK,RIVER,FISH
48,DREAM,CLOTH,AIR,INCREASE
49,DISAPPEAR,HIDE,SIMPLEST,PAINT
50,STEMS,FARM,GRASS,DOZEN
51,THROAT,THIRD,DANGEROUS,BIRTH
52,ACTIVITY,PRODUCT,MUSCLE,QUITE
53,HANG,SECTION,TEETH,WHALE
54,WEAR,BADLY,CLOSELY,MIGHTY
55,ME,THROAT,THAN,THICK
56,FRUIT,HEADING,PICTURE,HIS
57,SERVE,AROUND,CHEMICAL,SEEING
58,RAPIDLY,ADDITION,FRIENDLY,INCLUDING
59,STILL,FARTHER,ANCIENT,FUN
60,NICE,CROP,IRON,OFF
61,INSTEAD,TIN,STOMACH,EDGE
62,ELECTRIC,PRACTICAL,RICE,DIFFER
63,DEAL,CLIMB,STREET,UNCLE
64,STRONG,SING,VARIOUS,TREATED
65,BEAUTY,EQUATOR,UNDER,VARIOUS
66,PARALLEL,YES,RANGE,MENTAL
67,PRICE,SOMEHOW,HELP,KNOW
68,PROVIDE,FRIGHTEN,WET,WASTE
69,IF,GOLDEN,SERVE,MILE
70,DOES,YARD,NEARER,REALIZE
71,RADIO,IF,FLOW,ENEMY
72,MISSING,UNLESS,BIGGER,FLY
73,OPPOSITE,MEMORY,ACCEPT,COURSE
74,IDENTITY,WAS,END,OBSERVE
75,DANGEROUS,EXPECT,ORIGIN,PUPIL
76,WILL,THEREFORE,MILITARY,EACH
77,PLATES,DIFFICULTY,SPEAK,ESCAPE
78,BLOCK,CORRECTLY,RUSH,ANYTHING
79,LIE,SHALL,STRAW,CAUSE
80,SHOOT,SHAKING,ENTIRELY,ZERO
81,FLIGHT,HEARD,DIG,SHINNING
82,PLANT,THANK,LONG,TROPICAL
83,MISSION,MAGNET,GENERAL,PENCIL
84,TUBE,COMBINATION,THIRTY,SERIES
85,TWO,FUEL,TASTE,FLAME
86,CHANCE,THEY,CHILD,FINEST
87,CLIMB,NERVOUS,TAPE,BELIEVED
88,MOVE,BUY,BREATHING,PROVIDE
89,SPREAD,FINEST,EARLY,DESIGN
90,GREATLY,THINK,GUARD,PROGRAM
91,ONLY,TANK,DEVELOPMENT,INSTEAD
92,WAVE,WELCOME,TREATED,COVER
93,PACKAGE,ANGRY,HOME,FOOTBALL
94,MEMBER,APPEARANCE,POWDER,BEND
95,LIVE,WHAT,YELLOW,RACE
96,MAINLY,ATMOSPHERE,EXPRESSION,HARDLY
97,COMFORTABLE,FAILED,TRAIN,CHOICE
98,GOES,ABILITY,TRAVEL,CRY
99,BLACK,OCCUR,BRAIN,PLEASURE
100,TURN,CREATE,SOMETHING,ACROSS
101,ROUND,CERTAIN,LOSE,DAMAGE
102,TABLE,SPORT,DULL,GROW
103,DAUGHTER,THEREFORE,WIN,DROP
104,BELT,HEIGHT,SWEPT,GATHER
105,GULF,RANCH,POUND,ALLOW
106,CAPTAIN,SETS,PARTS,SCIENCE
107,LAW,MEN,HUNT,SHEET
108,FREE,FARTHER,HUNDRED,CENTER
109,MILK,SELECTION,WONDER,DAMAGE
110,ROOT,VALUE,DETERMINE,CONSTANTLY
111,CUT,BATTLE,COUPLE,CORNER
112,CURIOUS,HURRY,DUST,THAN
113,TRIANGLE,GOVERNMENT,DRIVING,ATTACHED
114,MARRIED,LEAVING,PLENTY,MAD
115,SOMEONE,PRODUCT,SCREEN,PEACE
116,NOUN,CITY,ON,FORCE
117,MYSELF,ATOMIC,FAMILIAR,TOLD
118,REMEMBER,CABIN,FINEST,MOON
119,TOWN,MODEL,DEFINITION,PRESSURE
120,BELL,SWAM,ATOM,CLAY
121,SAID,POLICE,DURING,SALMON
122,MANAGED,TRAIN,EXAMINE,TOGETHER
123,OPEN,MOTHER,ADULT,FAST
124,MAD,SISTER,YET,CUP
125,FLY,CLOSE,PAID,SPENT
126,WHILE,TRAIN,FINAL,CLOCK
127,FILL,BETTER,KNIFE,TRAIL
128,KNIFE,SMELL,CLUB,MEMORY
129,BENEATH,FAMILIAR,PROPERTY,MICE
130,ENERGY,THEN,LAID,CARRIED
131,SUNLIGHT,WITHOUT,WORKER,LUNCH
132,FELLOW,ALONG,CAPITAL,COMMAND
133,DEVELOPMENT,LAMP,LAID,HEAVY
134,LAW,PHRASE,LINE,POET
135,TOOK,SHAPE,INCLUDE,SCIENCE
136,THEORY,ICE,SANG,PART
137,WRONG,LONGER,GATE,PARTS
138,VAPOR,HUNTER,LOCAL,MOMENT
139,COMPARE,SOCIETY,LOSE,OBSERVE
140,BEAN,REMEMBER,FEWER,OCEAN
141,DOT,MIGHT,APPEARANCE,LIQUID
142,WARN,PRESIDENT,TELL,YEAR
143,CARD,COMBINATION,REQUIRE,RANGE
144,NEEDS,FUNCTION,THAT,GULF
145,TEN,NEARER,WIFE,INSTRUMENT
146,ATOM,PACK,BUILDING,INSTANCE
147,DEEPLY,GATE,WIND,JOY
148,POLICEMAN,GOVERNMENT,JUMP,QUIETLY
149,COPY,DIE,CONTROL,BEFORE
150,FRESH,GENTLY,RUN,PARALLEL
151,JOURNEY,SWIMMING,BARE,DONE
152,SHINE,BREAKFAST,STEAM,MINE
153,PLAIN,CLOTHING,ROCKY,HELP
154,EXCEPT,EVERY,GULF,HARDLY
155,BONE,MASTER,BANK,DISCUSSION
156,QUITE,FIVE,TREATED,IS
157,INVOLVED,ANYWHERE,APPEARANCE,PUBLIC
158,DIAMETER,ON,ACTION,PRIDE
159,EXPLAIN,AWARE,SCALE,VAPOR
160,POSITIVE,VOWEL,SOON,CONSONANT
161,CANNOT,DESCRIBE,WELL,HIS
162,TAIL,ORDINARY,FORT,TODAY
163,VEGETABLE,SIGN,AROUND,POOR
164,SWUNG,WAS,CURRENT,LOCATION
165,SIX,DRIVE,GIVING,ALTHOUGH
166,PAPER,PLANT,FAIR,BURIED
167,ALONE,TEMPERATURE,WIDELY,NOSE
168,DRAW,WAR,HEART,AWAY
169,POLITICAL,CONTRAST,SKILL,REACH
170,STANDARD,OUT,STREAM,TRUTH
171,AM,SUCCESSFUL,THUS,STRETCH
172,SOMEWHERE,FUN,INTO,DOWN
173,PATH,YOUNGER,PAINT,OFFICER
174,PATH,SCHOOL,PER,COOK
175,FISH,DIE,HOME,EDGE
176,SAFE,RATE,WHILE,DIVISION
177,SAIL,THAN,RULE,NATION
178,SHIP,SAY,NOISE,BRIEF
179,STRETCH,WHISTLE,ALLOW,ESPECIALLY
180,UNLESS,CHIEF,BIRDS,COMMUNITY
181,LOSE,PRICE,SMOOTH,POSITION
182,ORIGINAL,VOICE,PERFECT,MOVEMENT
183,TAPE,OVER,PULL,BRAVE
184,PINE,DATE,DULL,MY
185,RHYME,WALK,WHOM,WEALTH
186,TRY,DISAPPEAR,GENERAL,HAND
187,DECIDE,UNDERSTANDING,LONELY,EXPERIENCE
188,PURE,HE,SOCIAL,NO
189,SOLD,SILENCE,FULLY,PRINTED
190,BREEZE,DECIDE,HOSPITAL,EFFECT
191,HOT,ORDINARY,WOULD,ALSO
192,CHANCE,REMARKABLE,FLAT,REMOVE
193,FAIRLY,PRIVATE,BECOME,LUNCH
194,POINT,THROUGH,FORCE,HOLD
195,SELDOM,REMAIN,NOR,SURROUNDED
196,PROBABLY,SOME,STAND,HIGHER
197,INDICATE,MINE,FIX,MUSICAL
198,GENTLE,PUT,DRIVING,LENGTH
199,TRAIL,JUST,ROOM,THIRTY
200,TOLD,ELEPHANT,RESPECT,JAR
201,SIMPLY,QUITE,MOVEMENT,LAKE
202,ANTS,HIGH,VAPOR,EARN
203,DISCOVERY,HELLO,SHEEP,MOON
204,PLATES,MANY,COMPOSED,STRENGTH
205,CHEST,RAIN,RIDE,BARN
206,UNHAPPY,POLICEMAN,DEER,HELPFUL
207,FEED,BELOW,COAST,VESSELS
1,POTATOES,BE,SPREAD,POTATOES
